{"Epoch": 55, "Train Loss": 0.004519976735249464, "Train Acc": 0.8945126534703082, "Valid Loss": 0.008250997438698613, "Valid Acc": 0.8171806167400881, "_timestamp": 1704018553.6590972, "_runtime": 574.1081330776215, "_step": 11, "_wandb": {"runtime": 575}}