{"Epoch": 85, "Train Loss": 0.0025409534228188566, "Train Acc": 0.9353545477323979, "Valid Loss": 0.006048086292155514, "Valid Acc": 0.8711453744493393, "_timestamp": 1704456960.498713, "_runtime": 1858.8031270503998, "_step": 17, "_wandb": {"runtime": 1893}}