{"Epoch": 5, "Train Loss": 0.008389653574999219, "Train Acc": 0.8271109997494362, "Valid Loss": 0.012941611758412769, "Valid Acc": 0.7533039647577092, "_timestamp": 1704455256.387309, "_runtime": 154.69172310829163, "_step": 1}