{"Epoch": 170, "Train Loss": 0.002669679071447121, "Train Acc": 0.9343522926584816, "Valid Loss": 0.006619783290682385, "Valid Acc": 0.8590308370044053, "_timestamp": 1704020303.8088021, "_runtime": 1688.6648180484772, "_step": 34, "_wandb": {"runtime": 1730}}