{"Epoch": 155, "Train Loss": 0.002489807858476959, "Train Acc": 0.9393635680280631, "Valid Loss": 0.010725743937334825, "Valid Acc": 0.816079295154185, "_timestamp": 1704016027.6554859, "_runtime": 419.2859127521515, "_step": 31, "_wandb": {"runtime": 428}}