{"Epoch": 80, "Train Loss": 0.007430173376394495, "Train Acc": 0.8386369330994738, "Valid Loss": 0.012166382654647995, "Valid Acc": 0.7577092511013216, "_timestamp": 1704021261.703578, "_runtime": 858.7649269104004, "_step": 16, "_wandb": {"runtime": 886}}