{"Epoch": 140, "Train Loss": 0.0016681763292874826, "Train Acc": 0.9576547231270358, "Valid Loss": 0.00828615106264794, "Valid Acc": 0.8601321585903083, "_timestamp": 1704026186.826972, "_runtime": 4803.651917934418, "_step": 28, "_wandb": {"runtime": 4893}}