{"Epoch": 25, "Train Loss": 0.03373275514653798, "Train Acc": 0.22275119017790027, "Valid Loss": 0.03943994339342159, "Valid Acc": 0.11013215859030837, "_timestamp": 1704016206.864956, "_runtime": 105.5261960029602, "_step": 5, "_wandb": {"runtime": 107}}