{"Epoch": 0, "Train Loss": 0.025102350772158957, "Train Acc": 0.4427461789025307, "Valid Loss": 0.0324876744316538, "Valid Acc": 0.2654185022026432, "_timestamp": 1704028949.500577, "_runtime": 500.2855920791626, "_step": 0}