{"Epoch": 50, "Train Loss": 0.033736643472192164, "Train Acc": 0.22275119017790027, "Valid Loss": 0.03972143381177591, "Valid Acc": 0.11013215859030837, "_timestamp": 1704016633.506411, "_runtime": 210.31724309921265, "_step": 10, "_wandb": {"runtime": 227}}