{"Epoch": 100, "Train Loss": 0.00563953398717313, "Train Acc": 0.8687045853169632, "Valid Loss": 0.009970545768737793, "Valid Acc": 0.7929515418502202, "_timestamp": 1704017474.970452, "_runtime": 639.9573991298676, "_step": 20, "_wandb": {"runtime": 668}}