{"Epoch": 0, "Train Loss": 0.0243130835397176, "Train Acc": 0.41242796291656225, "Valid Loss": 0.03013924184349665, "Valid Acc": 0.2841409691629956, "_timestamp": 1704030175.840108, "_runtime": 502.8649230003357, "_step": 0}