{"Epoch": 95, "Train Loss": 0.013830226649320446, "Train Acc": 0.6923076923076923, "Valid Loss": 0.017851568200514704, "Valid Acc": 0.6035242290748899, "_timestamp": 1704015491.7702699, "_runtime": 211.35369896888733, "_step": 19, "_wandb": {"runtime": 212}}