{"Epoch": 195, "Train Loss": 0.0009169034292093944, "Train Acc": 0.9829616637434228, "Valid Loss": 0.007779481586905828, "Valid Acc": 0.8854625550660793, "_timestamp": 1704059271.652544, "_runtime": 27152.248476982117, "_step": 39, "_wandb": {"runtime": 27921}}